0001,18NS005_S1_R1_001.fastq.gz
0002,18NS013_S2_R1_001.fastq.gz
0003,18NS021_S3_R1_001.fastq.gz
0004,18NS029_S4_R1_001.fastq.gz
0005,18NS037_S5_R1_001.fastq.gz
0006,18NS045_S6_R1_001.fastq.gz
0007,18NS053_S7_R1_001.fastq.gz
0008,18NS061_S8_R1_001.fastq.gz
0009,18NS069_S9_R1_001.fastq.gz
0010,18NS077_S10_R1_001.fastq.gz
0011,18NS085_S11_R1_001.fastq.gz
0012,18NS006_S12_R1_001.fastq.gz
0013,18NS014_S13_R1_001.fastq.gz
0014,18NS022_S14_R1_001.fastq.gz
0015,18NS030_S15_R1_001.fastq.gz
0016,18NS038_S16_R1_001.fastq.gz
0017,18NS046_S17_R1_001.fastq.gz
0018,18NS054_S18_R1_001.fastq.gz
0019,18NS062_S19_R1_001.fastq.gz
0020,18NS070_S20_R1_001.fastq.gz
0021,18NS078_S21_R1_001.fastq.gz
0022,18NS086_S22_R1_001.fastq.gz
0023,18NS007_S23_R1_001.fastq.gz
0024,18NS015_S24_R1_001.fastq.gz
0025,18NS023_S25_R1_001.fastq.gz
0026,18NS031_S26_R1_001.fastq.gz
0027,18NS039_S27_R1_001.fastq.gz
0028,18NS047_S28_R1_001.fastq.gz
0029,18NS055_S29_R1_001.fastq.gz
0030,18NS063_S30_R1_001.fastq.gz
0031,18NS071_S31_R1_001.fastq.gz
0032,18NS079_S32_R1_001.fastq.gz
0033,18NS087_S33_R1_001.fastq.gz
0034,18NS008_S34_R1_001.fastq.gz
0035,18NS016_S35_R1_001.fastq.gz
0036,18NS024_S36_R1_001.fastq.gz
0037,18NS032_S37_R1_001.fastq.gz
0038,18NS040_S38_R1_001.fastq.gz
0039,18NS048_S39_R1_001.fastq.gz
0040,18NS056_S40_R1_001.fastq.gz
0041,18NS064_S41_R1_001.fastq.gz
0042,18NS072_S42_R1_001.fastq.gz
0043,18NS080_S43_R1_001.fastq.gz
0044,18NS088_S44_R1_001.fastq.gz
0045,18NS001_S45_R1_001.fastq.gz
0046,18NS009_S46_R1_001.fastq.gz
0047,18NS017_S47_R1_001.fastq.gz
0048,18NS025_S48_R1_001.fastq.gz
0049,18NS033_S49_R1_001.fastq.gz
0050,18NS041_S50_R1_001.fastq.gz
0051,18NS049_S51_R1_001.fastq.gz
0052,18NS057_S52_R1_001.fastq.gz
0053,18NS065_S53_R1_001.fastq.gz
0054,18NS073_S54_R1_001.fastq.gz
0055,18NS081_S55_R1_001.fastq.gz
0056,18NS089_S56_R1_001.fastq.gz
0057,18NS002_S57_R1_001.fastq.gz
0058,18NS010_S58_R1_001.fastq.gz
0059,18NS018_S59_R1_001.fastq.gz
0060,18NS026_S60_R1_001.fastq.gz
0061,18NS034_S61_R1_001.fastq.gz
0062,18NS042_S62_R1_001.fastq.gz
0063,18NS050_S63_R1_001.fastq.gz
0064,18NS058_S64_R1_001.fastq.gz
0065,18NS066_S65_R1_001.fastq.gz
0066,18NS074_S66_R1_001.fastq.gz
0067,18NS082_S67_R1_001.fastq.gz
0068,18NS090_S68_R1_001.fastq.gz
0069,18NS003_S69_R1_001.fastq.gz
0070,18NS011_S70_R1_001.fastq.gz
0071,18NS019_S71_R1_001.fastq.gz
0072,18NS027_S72_R1_001.fastq.gz
0073,18NS035_S73_R1_001.fastq.gz
0074,18NS043_S74_R1_001.fastq.gz
0075,18NS051_S75_R1_001.fastq.gz
0076,18NS059_S76_R1_001.fastq.gz
0077,18NS067_S77_R1_001.fastq.gz
0078,18NS075_S78_R1_001.fastq.gz
0079,18NS083_S79_R1_001.fastq.gz
0080,18NS091_S80_R1_001.fastq.gz
0081,18NS004_S81_R1_001.fastq.gz
0082,18NS012_S82_R1_001.fastq.gz
0083,18NS020_S83_R1_001.fastq.gz
0084,18NS028_S84_R1_001.fastq.gz
0085,18NS036_S85_R1_001.fastq.gz
0086,18NS044_S86_R1_001.fastq.gz
0087,18NS052_S87_R1_001.fastq.gz
0088,18NS060_S88_R1_001.fastq.gz
0089,18NS068_S89_R1_001.fastq.gz
0090,18NS076_S90_R1_001.fastq.gz
0091,18NS084_S91_R1_001.fastq.gz
0092,18NS092_S92_R1_001.fastq.gz
0093,18NS093_S93_R1_001.fastq.gz
0094,18NS097_S94_R1_001.fastq.gz
0095,18NS105_S95_R1_001.fastq.gz
0096,18NS113_S96_R1_001.fastq.gz
0097,18NS121_S97_R1_001.fastq.gz
0098,18NS129_S98_R1_001.fastq.gz
0099,18NS137_S99_R1_001.fastq.gz
0100,18NS145_S100_R1_001.fastq.gz
0101,18NS153_S101_R1_001.fastq.gz
0102,18NS161_S102_R1_001.fastq.gz
0103,18NS169_S103_R1_001.fastq.gz
0104,18NS177_S104_R1_001.fastq.gz
0105,18NS094_S105_R1_001.fastq.gz
0106,18NS098_S106_R1_001.fastq.gz
0107,18NS106_S107_R1_001.fastq.gz
0108,18NS114_S108_R1_001.fastq.gz
0109,18NS122_S109_R1_001.fastq.gz
0110,18NS130_S110_R1_001.fastq.gz
0111,18NS138_S111_R1_001.fastq.gz
0112,18NS146_S112_R1_001.fastq.gz
0113,18NS154_S113_R1_001.fastq.gz
0114,18NS162_S114_R1_001.fastq.gz
0115,18NS170_S115_R1_001.fastq.gz
0116,18NS178_S116_R1_001.fastq.gz
0117,18NS095_S117_R1_001.fastq.gz
0118,18NS099_S118_R1_001.fastq.gz
0119,18NS107_S119_R1_001.fastq.gz
0120,18NS115_S120_R1_001.fastq.gz
0121,18NS123_S121_R1_001.fastq.gz
0122,18NS131_S122_R1_001.fastq.gz
0123,18NS139_S123_R1_001.fastq.gz
0124,18NS147_S124_R1_001.fastq.gz
0125,18NS155_S125_R1_001.fastq.gz
0126,18NS163_S126_R1_001.fastq.gz
0127,18NS171_S127_R1_001.fastq.gz
0128,18NS179_S128_R1_001.fastq.gz
0129,18NS096_S129_R1_001.fastq.gz
0130,18NS100_S130_R1_001.fastq.gz
0131,18NS108_S131_R1_001.fastq.gz
0132,18NS116_S132_R1_001.fastq.gz
0133,18NS124_S133_R1_001.fastq.gz
0134,18NS132_S134_R1_001.fastq.gz
0135,18NS140_S135_R1_001.fastq.gz
0136,18NS148_S136_R1_001.fastq.gz
0137,18NS156_S137_R1_001.fastq.gz
0138,18NS164_S138_R1_001.fastq.gz
0139,18NS172_S139_R1_001.fastq.gz
0140,18NS180_S140_R1_001.fastq.gz
0141,18NS101_S141_R1_001.fastq.gz
0142,18NS109_S142_R1_001.fastq.gz
0143,18NS117_S143_R1_001.fastq.gz
0144,18NS125_S144_R1_001.fastq.gz
0145,18NS133_S145_R1_001.fastq.gz
0146,18NS141_S146_R1_001.fastq.gz
0147,18NS149_S147_R1_001.fastq.gz
0148,18NS157_S148_R1_001.fastq.gz
0149,18NS165_S149_R1_001.fastq.gz
0150,18NS173_S150_R1_001.fastq.gz
0151,18NS181_S151_R1_001.fastq.gz
0152,18NS102_S152_R1_001.fastq.gz
0153,18NS110_S153_R1_001.fastq.gz
0154,18NS118_S154_R1_001.fastq.gz
0155,18NS126_S155_R1_001.fastq.gz
0156,18NS134_S156_R1_001.fastq.gz
0157,18NS142_S157_R1_001.fastq.gz
0158,18NS150_S158_R1_001.fastq.gz
0159,18NS158_S159_R1_001.fastq.gz
0160,18NS166_S160_R1_001.fastq.gz
0161,18NS174_S161_R1_001.fastq.gz
0162,18NS182_S162_R1_001.fastq.gz
0163,18NS103_S163_R1_001.fastq.gz
0164,18NS111_S164_R1_001.fastq.gz
0165,18NS119_S165_R1_001.fastq.gz
0166,18NS127_S166_R1_001.fastq.gz
0167,18NS135_S167_R1_001.fastq.gz
0168,18NS143_S168_R1_001.fastq.gz
0169,18NS151_S169_R1_001.fastq.gz
0170,18NS159_S170_R1_001.fastq.gz
0171,18NS167_S171_R1_001.fastq.gz
0172,18NS175_S172_R1_001.fastq.gz
0173,18NS183_S173_R1_001.fastq.gz
0174,18NS104_S174_R1_001.fastq.gz
0175,18NS112_S175_R1_001.fastq.gz
0176,18NS120_S176_R1_001.fastq.gz
0177,18NS128_S177_R1_001.fastq.gz
0178,18NS136_S178_R1_001.fastq.gz
0179,18NS144_S179_R1_001.fastq.gz
0180,18NS152_S180_R1_001.fastq.gz
0181,18NS160_S181_R1_001.fastq.gz
0182,18NS168_S182_R1_001.fastq.gz
0183,18NS176_S183_R1_001.fastq.gz
0184,18NS184_S184_R1_001.fastq.gz
0185,18NS185_S185_R1_001.fastq.gz
0186,18NS197_S186_R1_001.fastq.gz
0187,18NS205_S187_R1_001.fastq.gz
0188,18NS213_S188_R1_001.fastq.gz
0189,18NS221_S189_R1_001.fastq.gz
0190,18NS229_S190_R1_001.fastq.gz
0191,18NS237_S191_R1_001.fastq.gz
0192,18NS245_S192_R1_001.fastq.gz
0193,18NS253_S193_R1_001.fastq.gz
0194,18NS261_S194_R1_001.fastq.gz
0195,18NS269_S195_R1_001.fastq.gz
0196,18NS186_S196_R1_001.fastq.gz
0197,18NS198_S197_R1_001.fastq.gz
0198,18NS206_S198_R1_001.fastq.gz
0199,18NS214_S199_R1_001.fastq.gz
0200,18NS222_S200_R1_001.fastq.gz
0201,18NS230_S201_R1_001.fastq.gz
0202,18NS238_S202_R1_001.fastq.gz
0203,18NS246_S203_R1_001.fastq.gz
0204,18NS254_S204_R1_001.fastq.gz
0205,18NS262_S205_R1_001.fastq.gz
0206,18NS270_S206_R1_001.fastq.gz
0207,18NS187_S207_R1_001.fastq.gz
0208,18NS199_S208_R1_001.fastq.gz
0209,18NS207_S209_R1_001.fastq.gz
0210,18NS215_S210_R1_001.fastq.gz
0211,18NS223_S211_R1_001.fastq.gz
0212,18NS231_S212_R1_001.fastq.gz
0213,18NS239_S213_R1_001.fastq.gz
0214,18NS247_S214_R1_001.fastq.gz
0215,18NS255_S215_R1_001.fastq.gz
0216,18NS263_S216_R1_001.fastq.gz
0217,18NS271_S217_R1_001.fastq.gz
0218,18NS188_S218_R1_001.fastq.gz
0219,18NS200_S219_R1_001.fastq.gz
0220,18NS208_S220_R1_001.fastq.gz
0221,18NS216_S221_R1_001.fastq.gz
0222,18NS224_S222_R1_001.fastq.gz
0223,18NS232_S223_R1_001.fastq.gz
0224,18NS240_S224_R1_001.fastq.gz
0225,18NS248_S225_R1_001.fastq.gz
0226,18NS256_S226_R1_001.fastq.gz
0227,18NS264_S227_R1_001.fastq.gz
0228,18NS272_S228_R1_001.fastq.gz
0229,18NS189_S229_R1_001.fastq.gz
0230,18NS193_S230_R1_001.fastq.gz
0231,18NS201_S231_R1_001.fastq.gz
0232,18NS209_S232_R1_001.fastq.gz
0233,18NS217_S233_R1_001.fastq.gz
0234,18NS225_S234_R1_001.fastq.gz
0235,18NS233_S235_R1_001.fastq.gz
0236,18NS241_S236_R1_001.fastq.gz
0237,18NS249_S237_R1_001.fastq.gz
0238,18NS257_S238_R1_001.fastq.gz
0239,18NS265_S239_R1_001.fastq.gz
0240,18NS273_S240_R1_001.fastq.gz
0241,18NS190_S241_R1_001.fastq.gz
0242,18NS194_S242_R1_001.fastq.gz
0243,18NS202_S243_R1_001.fastq.gz
0244,18NS210_S244_R1_001.fastq.gz
0245,18NS218_S245_R1_001.fastq.gz
0246,18NS226_S246_R1_001.fastq.gz
0247,18NS234_S247_R1_001.fastq.gz
0248,18NS242_S248_R1_001.fastq.gz
0249,18NS250_S249_R1_001.fastq.gz
0250,18NS258_S250_R1_001.fastq.gz
0251,18NS266_S251_R1_001.fastq.gz
0252,18NS274_S252_R1_001.fastq.gz
0253,18NS191_S253_R1_001.fastq.gz
0254,18NS195_S254_R1_001.fastq.gz
0255,18NS203_S255_R1_001.fastq.gz
0256,18NS211_S256_R1_001.fastq.gz
0257,18NS219_S257_R1_001.fastq.gz
0258,18NS227_S258_R1_001.fastq.gz
0259,18NS235_S259_R1_001.fastq.gz
0260,18NS243_S260_R1_001.fastq.gz
0261,18NS251_S261_R1_001.fastq.gz
0262,18NS259_S262_R1_001.fastq.gz
0263,18NS267_S263_R1_001.fastq.gz
0264,18NS275_S264_R1_001.fastq.gz
0265,18NS192_S265_R1_001.fastq.gz
0266,18NS196_S266_R1_001.fastq.gz
0267,18NS204_S267_R1_001.fastq.gz
0268,18NS212_S268_R1_001.fastq.gz
0269,18NS220_S269_R1_001.fastq.gz
0270,18NS228_S270_R1_001.fastq.gz
0271,18NS236_S271_R1_001.fastq.gz
0272,18NS244_S272_R1_001.fastq.gz
0273,18NS252_S273_R1_001.fastq.gz
0274,18NS260_S274_R1_001.fastq.gz
0275,18NS268_S275_R1_001.fastq.gz
0276,18NS276_S276_R1_001.fastq.gz
0277,18NS277_S277_R1_001.fastq.gz
0278,18NS285_S278_R1_001.fastq.gz
0279,18NS289_S279_R1_001.fastq.gz
0280,18NS297_S280_R1_001.fastq.gz
0281,18NS305_S281_R1_001.fastq.gz
0282,18NS313_S282_R1_001.fastq.gz
0283,18NS321_S283_R1_001.fastq.gz
0284,18NS329_S284_R1_001.fastq.gz
0285,18NS337_S285_R1_001.fastq.gz
0286,18NS345_S286_R1_001.fastq.gz
0287,18NS353_S287_R1_001.fastq.gz
0288,18NS361_S288_R1_001.fastq.gz
0289,18NS278_S289_R1_001.fastq.gz
0290,18NS286_S290_R1_001.fastq.gz
0291,18NS290_S291_R1_001.fastq.gz
0292,18NS298_S292_R1_001.fastq.gz
0293,18NS306_S293_R1_001.fastq.gz
0294,18NS314_S294_R1_001.fastq.gz
0295,18NS322_S295_R1_001.fastq.gz
0296,18NS330_S296_R1_001.fastq.gz
0297,18NS338_S297_R1_001.fastq.gz
0298,18NS346_S298_R1_001.fastq.gz
0299,18NS354_S299_R1_001.fastq.gz
0300,18NS362_S300_R1_001.fastq.gz
0301,18NS279_S301_R1_001.fastq.gz
0302,18NS287_S302_R1_001.fastq.gz
0303,18NS291_S303_R1_001.fastq.gz
0304,18NS299_S304_R1_001.fastq.gz
0305,18NS307_S305_R1_001.fastq.gz
0306,18NS315_S306_R1_001.fastq.gz
0307,18NS323_S307_R1_001.fastq.gz
0308,18NS331_S308_R1_001.fastq.gz
0309,18NS339_S309_R1_001.fastq.gz
0310,18NS347_S310_R1_001.fastq.gz
0311,18NS355_S311_R1_001.fastq.gz
0312,18NS363_S312_R1_001.fastq.gz
0313,18NS280_S313_R1_001.fastq.gz
0314,18NS288_S314_R1_001.fastq.gz
0315,18NS292_S315_R1_001.fastq.gz
0316,18NS300_S316_R1_001.fastq.gz
0317,18NS308_S317_R1_001.fastq.gz
0318,18NS316_S318_R1_001.fastq.gz
0319,18NS324_S319_R1_001.fastq.gz
0320,18NS332_S320_R1_001.fastq.gz
0321,18NS340_S321_R1_001.fastq.gz
0322,18NS348_S322_R1_001.fastq.gz
0323,18NS356_S323_R1_001.fastq.gz
0324,18NS364_S324_R1_001.fastq.gz
0325,18NS281_S325_R1_001.fastq.gz
0326,18NS293_S326_R1_001.fastq.gz
0327,18NS301_S327_R1_001.fastq.gz
0328,18NS309_S328_R1_001.fastq.gz
0329,18NS317_S329_R1_001.fastq.gz
0330,18NS325_S330_R1_001.fastq.gz
0331,18NS333_S331_R1_001.fastq.gz
0332,18NS341_S332_R1_001.fastq.gz
0333,18NS349_S333_R1_001.fastq.gz
0334,18NS357_S334_R1_001.fastq.gz
0335,18NS365_S335_R1_001.fastq.gz
0336,18NS282_S336_R1_001.fastq.gz
0337,18NS294_S337_R1_001.fastq.gz
0338,18NS302_S338_R1_001.fastq.gz
0339,18NS310_S339_R1_001.fastq.gz
0340,18NS318_S340_R1_001.fastq.gz
0341,18NS326_S341_R1_001.fastq.gz
0342,18NS334_S342_R1_001.fastq.gz
0343,18NS342_S343_R1_001.fastq.gz
0344,18NS350_S344_R1_001.fastq.gz
0345,18NS358_S345_R1_001.fastq.gz
0346,18NS366_S346_R1_001.fastq.gz
0347,18NS283_S347_R1_001.fastq.gz
0348,18NS295_S348_R1_001.fastq.gz
0349,18NS303_S349_R1_001.fastq.gz
0350,18NS311_S350_R1_001.fastq.gz
0351,18NS319_S351_R1_001.fastq.gz
0352,18NS327_S352_R1_001.fastq.gz
0353,18NS335_S353_R1_001.fastq.gz
0354,18NS343_S354_R1_001.fastq.gz
0355,18NS351_S355_R1_001.fastq.gz
0356,18NS359_S356_R1_001.fastq.gz
0357,18NS367_S357_R1_001.fastq.gz
0358,18NS284_S358_R1_001.fastq.gz
0359,18NS296_S359_R1_001.fastq.gz
0360,18NS304_S360_R1_001.fastq.gz
0361,18NS312_S361_R1_001.fastq.gz
0362,18NS320_S362_R1_001.fastq.gz
0363,18NS328_S363_R1_001.fastq.gz
0364,18NS336_S364_R1_001.fastq.gz
0365,18NS344_S365_R1_001.fastq.gz
0366,18NS352_S366_R1_001.fastq.gz
0367,18NS360_S367_R1_001.fastq.gz
0368,18NS368_S368_R1_001.fastq.gz
0369,18NS369_S369_R1_001.fastq.gz
0370,18NS377_S370_R1_001.fastq.gz
0371,18NS389_S371_R1_001.fastq.gz
0372,18NS397_S372_R1_001.fastq.gz
0373,18NS405_S373_R1_001.fastq.gz
0374,18NS413_S374_R1_001.fastq.gz
0375,18NS421_S375_R1_001.fastq.gz
0376,18NS429_S376_R1_001.fastq.gz
0377,18NS437_S377_R1_001.fastq.gz
0378,18NS445_S378_R1_001.fastq.gz
0379,18NS603_S379_R1_001.fastq.gz
0380,18NS370_S380_R1_001.fastq.gz
0381,18NS378_S381_R1_001.fastq.gz
0382,18NS390_S382_R1_001.fastq.gz
0383,18NS398_S383_R1_001.fastq.gz
0384,18NS406_S384_R1_001.fastq.gz
0385,18NS414_S385_R1_001.fastq.gz
0386,18NS422_S386_R1_001.fastq.gz
0387,18NS430_S387_R1_001.fastq.gz
0388,18NS438_S388_R1_001.fastq.gz
0389,18NS446_S389_R1_001.fastq.gz
0390,18NS604_S390_R1_001.fastq.gz
0391,18NS371_S391_R1_001.fastq.gz
0392,18NS379_S392_R1_001.fastq.gz
0393,18NS391_S393_R1_001.fastq.gz
0394,18NS399_S394_R1_001.fastq.gz
0395,18NS407_S395_R1_001.fastq.gz
0396,18NS415_S396_R1_001.fastq.gz
0397,18NS423_S397_R1_001.fastq.gz
0398,18NS431_S398_R1_001.fastq.gz
0399,18NS439_S399_R1_001.fastq.gz
0400,18NS447_S400_R1_001.fastq.gz
0401,18NS605_S401_R1_001.fastq.gz
0402,18NS372_S402_R1_001.fastq.gz
0403,18NS380_S403_R1_001.fastq.gz
0404,18NS392_S404_R1_001.fastq.gz
0405,18NS400_S405_R1_001.fastq.gz
0406,18NS408_S406_R1_001.fastq.gz
0407,18NS416_S407_R1_001.fastq.gz
0408,18NS424_S408_R1_001.fastq.gz
0409,18NS432_S409_R1_001.fastq.gz
0410,18NS440_S410_R1_001.fastq.gz
0411,18NS448_S411_R1_001.fastq.gz
0412,18NS606_S412_R1_001.fastq.gz
0413,18NS373_S413_R1_001.fastq.gz
0414,18NS381_S414_R1_001.fastq.gz
0415,18NS385_S415_R1_001.fastq.gz
0416,18NS393_S416_R1_001.fastq.gz
0417,18NS401_S417_R1_001.fastq.gz
0418,18NS409_S418_R1_001.fastq.gz
0419,18NS417_S419_R1_001.fastq.gz
0420,18NS425_S420_R1_001.fastq.gz
0421,18NS433_S421_R1_001.fastq.gz
0422,18NS441_S422_R1_001.fastq.gz
0423,18NS449_S423_R1_001.fastq.gz
0424,18NS607_S424_R1_001.fastq.gz
0425,18NS374_S425_R1_001.fastq.gz
0426,18NS382_S426_R1_001.fastq.gz
0427,18NS386_S427_R1_001.fastq.gz
0428,18NS394_S428_R1_001.fastq.gz
0429,18NS402_S429_R1_001.fastq.gz
0430,18NS410_S430_R1_001.fastq.gz
0431,18NS418_S431_R1_001.fastq.gz
0432,18NS426_S432_R1_001.fastq.gz
0433,18NS434_S433_R1_001.fastq.gz
0434,18NS442_S434_R1_001.fastq.gz
0435,18NS450_S435_R1_001.fastq.gz
0436,18NS608_S436_R1_001.fastq.gz
0437,18NS375_S437_R1_001.fastq.gz
0438,18NS383_S438_R1_001.fastq.gz
0439,18NS387_S439_R1_001.fastq.gz
0440,18NS395_S440_R1_001.fastq.gz
0441,18NS403_S441_R1_001.fastq.gz
0442,18NS411_S442_R1_001.fastq.gz
0443,18NS419_S443_R1_001.fastq.gz
0444,18NS427_S444_R1_001.fastq.gz
0445,18NS435_S445_R1_001.fastq.gz
0446,18NS443_S446_R1_001.fastq.gz
0447,18NS601_S447_R1_001.fastq.gz
0448,18NS609_S448_R1_001.fastq.gz
0449,18NS376_S449_R1_001.fastq.gz
0450,18NS384_S450_R1_001.fastq.gz
0451,18NS388_S451_R1_001.fastq.gz
0452,18NS396_S452_R1_001.fastq.gz
0453,18NS404_S453_R1_001.fastq.gz
0454,18NS412_S454_R1_001.fastq.gz
0455,18NS420_S455_R1_001.fastq.gz
0456,18NS428_S456_R1_001.fastq.gz
0457,18NS436_S457_R1_001.fastq.gz
0458,18NS444_S458_R1_001.fastq.gz
0459,18NS602_S459_R1_001.fastq.gz
0460,18NS610_S460_R1_001.fastq.gz
0461,18NS611_S461_R1_001.fastq.gz
0462,18NS619_S462_R1_001.fastq.gz
0463,18NS627_S463_R1_001.fastq.gz
0464,18NS631_S464_R1_001.fastq.gz
0465,18NS639_S465_R1_001.fastq.gz
0466,18NS647_S466_R1_001.fastq.gz
0467,18NS655_S467_R1_001.fastq.gz
0468,18NS663_S468_R1_001.fastq.gz
0469,18NS671_S469_R1_001.fastq.gz
0470,18NS679_S470_R1_001.fastq.gz
0471,18NS687_S471_R1_001.fastq.gz
0472,18NS695_S472_R1_001.fastq.gz
0473,18NS612_S473_R1_001.fastq.gz
0474,18NS620_S474_R1_001.fastq.gz
0475,18NS628_S475_R1_001.fastq.gz
0476,18NS632_S476_R1_001.fastq.gz
0477,18NS640_S477_R1_001.fastq.gz
0478,18NS648_S478_R1_001.fastq.gz
0479,18NS656_S479_R1_001.fastq.gz
0480,18NS664_S480_R1_001.fastq.gz
0481,18NS672_S481_R1_001.fastq.gz
0482,18NS680_S482_R1_001.fastq.gz
0483,18NS688_S483_R1_001.fastq.gz
0484,18NS696_S484_R1_001.fastq.gz
0485,18NS613_S485_R1_001.fastq.gz
0486,18NS621_S486_R1_001.fastq.gz
0487,18NS629_S487_R1_001.fastq.gz
0488,18NS633_S488_R1_001.fastq.gz
0489,18NS641_S489_R1_001.fastq.gz
0490,18NS649_S490_R1_001.fastq.gz
0491,18NS657_S491_R1_001.fastq.gz
0492,18NS665_S492_R1_001.fastq.gz
0493,18NS673_S493_R1_001.fastq.gz
0494,18NS681_S494_R1_001.fastq.gz
0495,18NS689_S495_R1_001.fastq.gz
0496,18NS697_S496_R1_001.fastq.gz
0497,18NS614_S497_R1_001.fastq.gz
0498,18NS622_S498_R1_001.fastq.gz
0499,18NS630_S499_R1_001.fastq.gz
0500,18NS634_S500_R1_001.fastq.gz
0501,18NS642_S501_R1_001.fastq.gz
0502,18NS650_S502_R1_001.fastq.gz
0503,18NS658_S503_R1_001.fastq.gz
0504,18NS666_S504_R1_001.fastq.gz
0505,18NS674_S505_R1_001.fastq.gz
0506,18NS682_S506_R1_001.fastq.gz
0507,18NS690_S507_R1_001.fastq.gz
0508,18NS698_S508_R1_001.fastq.gz
0509,18NS615_S509_R1_001.fastq.gz
0510,18NS623_S510_R1_001.fastq.gz
0511,18NS635_S511_R1_001.fastq.gz
0512,18NS643_S512_R1_001.fastq.gz
0513,18NS651_S513_R1_001.fastq.gz
0514,18NS659_S514_R1_001.fastq.gz
0515,18NS667_S515_R1_001.fastq.gz
0516,18NS675_S516_R1_001.fastq.gz
0517,18NS683_S517_R1_001.fastq.gz
0518,18NS691_S518_R1_001.fastq.gz
0519,18NS699_S519_R1_001.fastq.gz
0520,18NS616_S520_R1_001.fastq.gz
0521,18NS624_S521_R1_001.fastq.gz
0522,18NS636_S522_R1_001.fastq.gz
0523,18NS644_S523_R1_001.fastq.gz
0524,18NS652_S524_R1_001.fastq.gz
0525,18NS660_S525_R1_001.fastq.gz
0526,18NS668_S526_R1_001.fastq.gz
0527,18NS676_S527_R1_001.fastq.gz
0528,18NS684_S528_R1_001.fastq.gz
0529,18NS692_S529_R1_001.fastq.gz
0530,18NS700_S530_R1_001.fastq.gz
0531,18NS617_S531_R1_001.fastq.gz
0532,18NS625_S532_R1_001.fastq.gz
0533,18NS637_S533_R1_001.fastq.gz
0534,18NS645_S534_R1_001.fastq.gz
0535,18NS653_S535_R1_001.fastq.gz
0536,18NS661_S536_R1_001.fastq.gz
0537,18NS669_S537_R1_001.fastq.gz
0538,18NS677_S538_R1_001.fastq.gz
0539,18NS685_S539_R1_001.fastq.gz
0540,18NS693_S540_R1_001.fastq.gz
0541,18NS618_S541_R1_001.fastq.gz
0542,18NS626_S542_R1_001.fastq.gz
0543,18NS638_S543_R1_001.fastq.gz
0544,18NS646_S544_R1_001.fastq.gz
0545,18NS654_S545_R1_001.fastq.gz
0546,18NS662_S546_R1_001.fastq.gz
0547,18NS670_S547_R1_001.fastq.gz
0548,18NS678_S548_R1_001.fastq.gz
0549,18NS686_S549_R1_001.fastq.gz
0550,18NS694_S550_R1_001.fastq.gz
0551,18NS451_S551_R1_001.fastq.gz
0552,18NS459_S552_R1_001.fastq.gz
0553,18NS467_S553_R1_001.fastq.gz
0554,18NS479_S554_R1_001.fastq.gz
0555,18NS487_S555_R1_001.fastq.gz
0556,18NS495_S556_R1_001.fastq.gz
0557,18NS503_S557_R1_001.fastq.gz
0558,18NS511_S558_R1_001.fastq.gz
0559,18NS519_S559_R1_001.fastq.gz
0560,18NS527_S560_R1_001.fastq.gz
0561,18NS535_S561_R1_001.fastq.gz
0562,18NS452_S562_R1_001.fastq.gz
0563,18NS460_S563_R1_001.fastq.gz
0564,18NS468_S564_R1_001.fastq.gz
0565,18NS480_S565_R1_001.fastq.gz
0566,18NS488_S566_R1_001.fastq.gz
0567,18NS496_S567_R1_001.fastq.gz
0568,18NS504_S568_R1_001.fastq.gz
0569,18NS512_S569_R1_001.fastq.gz
0570,18NS520_S570_R1_001.fastq.gz
0571,18NS528_S571_R1_001.fastq.gz
0572,18NS536_S572_R1_001.fastq.gz
0573,18NS453_S573_R1_001.fastq.gz
0574,18NS461_S574_R1_001.fastq.gz
0575,18NS469_S575_R1_001.fastq.gz
0576,18NS481_S576_R1_001.fastq.gz
0577,18NS489_S577_R1_001.fastq.gz
0578,18NS497_S578_R1_001.fastq.gz
0579,18NS505_S579_R1_001.fastq.gz
0580,18NS513_S580_R1_001.fastq.gz
0581,18NS521_S581_R1_001.fastq.gz
0582,18NS529_S582_R1_001.fastq.gz
0583,18NS537_S583_R1_001.fastq.gz
0584,18NS454_S584_R1_001.fastq.gz
0585,18NS462_S585_R1_001.fastq.gz
0586,18NS470_S586_R1_001.fastq.gz
0587,18NS482_S587_R1_001.fastq.gz
0588,18NS490_S588_R1_001.fastq.gz
0589,18NS498_S589_R1_001.fastq.gz
0590,18NS506_S590_R1_001.fastq.gz
0591,18NS514_S591_R1_001.fastq.gz
0592,18NS522_S592_R1_001.fastq.gz
0593,18NS530_S593_R1_001.fastq.gz
0594,18NS538_S594_R1_001.fastq.gz
0595,18NS455_S595_R1_001.fastq.gz
0596,18NS463_S596_R1_001.fastq.gz
0597,18NS471_S597_R1_001.fastq.gz
0598,18NS475_S598_R1_001.fastq.gz
0599,18NS483_S599_R1_001.fastq.gz
0600,18NS491_S600_R1_001.fastq.gz
0601,18NS499_S601_R1_001.fastq.gz
0602,18NS507_S602_R1_001.fastq.gz
0603,18NS515_S603_R1_001.fastq.gz
0604,18NS523_S604_R1_001.fastq.gz
0605,18NS531_S605_R1_001.fastq.gz
0606,18NS539_S606_R1_001.fastq.gz
0607,18NS456_S607_R1_001.fastq.gz
0608,18NS464_S608_R1_001.fastq.gz
0609,18NS472_S609_R1_001.fastq.gz
0610,18NS476_S610_R1_001.fastq.gz
0611,18NS484_S611_R1_001.fastq.gz
0612,18NS492_S612_R1_001.fastq.gz
0613,18NS500_S613_R1_001.fastq.gz
0614,18NS508_S614_R1_001.fastq.gz
0615,18NS516_S615_R1_001.fastq.gz
0616,18NS524_S616_R1_001.fastq.gz
0617,18NS532_S617_R1_001.fastq.gz
0618,18NS540_S618_R1_001.fastq.gz
0619,18NS457_S619_R1_001.fastq.gz
0620,18NS465_S620_R1_001.fastq.gz
0621,18NS473_S621_R1_001.fastq.gz
0622,18NS477_S622_R1_001.fastq.gz
0623,18NS485_S623_R1_001.fastq.gz
0624,18NS493_S624_R1_001.fastq.gz
0625,18NS501_S625_R1_001.fastq.gz
0626,18NS509_S626_R1_001.fastq.gz
0627,18NS517_S627_R1_001.fastq.gz
0628,18NS525_S628_R1_001.fastq.gz
0629,18NS533_S629_R1_001.fastq.gz
0630,18NS541_S630_R1_001.fastq.gz
0631,18NS458_S631_R1_001.fastq.gz
0632,18NS466_S632_R1_001.fastq.gz
0633,18NS474_S633_R1_001.fastq.gz
0634,18NS478_S634_R1_001.fastq.gz
0635,18NS486_S635_R1_001.fastq.gz
0636,18NS494_S636_R1_001.fastq.gz
0637,18NS502_S637_R1_001.fastq.gz
0638,18NS510_S638_R1_001.fastq.gz
0639,18NS518_S639_R1_001.fastq.gz
0640,18NS526_S640_R1_001.fastq.gz
0641,18NS534_S641_R1_001.fastq.gz
0642,18NS542_S642_R1_001.fastq.gz
0643,18NS543_S643_R1_001.fastq.gz
0644,18NS551_S644_R1_001.fastq.gz
0645,18NS559_S645_R1_001.fastq.gz
0646,18NS567_S646_R1_001.fastq.gz
0647,18BL337_S647_R1_001.fastq.gz
0648,18BL345_S648_R1_001.fastq.gz
0649,18BL353_S649_R1_001.fastq.gz
0650,18BL361_S650_R1_001.fastq.gz
0651,18BL369_S651_R1_001.fastq.gz
0652,18BL377_S652_R1_001.fastq.gz
0653,18BL385_S653_R1_001.fastq.gz
0654,18BL076_S654_R1_001.fastq.gz
0655,18NS544_S655_R1_001.fastq.gz
0656,18NS552_S656_R1_001.fastq.gz
0657,18NS560_S657_R1_001.fastq.gz
0658,18NS568_S658_R1_001.fastq.gz
0659,18BL338_S659_R1_001.fastq.gz
0660,18BL346_S660_R1_001.fastq.gz
0661,18BL354_S661_R1_001.fastq.gz
0662,18BL362_S662_R1_001.fastq.gz
0663,18BL370_S663_R1_001.fastq.gz
0664,18BL378_S664_R1_001.fastq.gz
0665,18BL386_S665_R1_001.fastq.gz
0666,18BL077_S666_R1_001.fastq.gz
0667,18NS545_S667_R1_001.fastq.gz
0668,18NS553_S668_R1_001.fastq.gz
0669,18NS561_S669_R1_001.fastq.gz
0670,18NS569_S670_R1_001.fastq.gz
0671,18BL339_S671_R1_001.fastq.gz
0672,18BL347_S672_R1_001.fastq.gz
0673,18BL355_S673_R1_001.fastq.gz
0674,18BL363_S674_R1_001.fastq.gz
0675,18BL371_S675_R1_001.fastq.gz
0676,18BL379_S676_R1_001.fastq.gz
0677,18BL387_S677_R1_001.fastq.gz
0678,18BL078_S678_R1_001.fastq.gz
0679,18NS546_S679_R1_001.fastq.gz
0680,18NS554_S680_R1_001.fastq.gz
0681,18NS562_S681_R1_001.fastq.gz
0682,18NS570_S682_R1_001.fastq.gz
0683,18BL340_S683_R1_001.fastq.gz
0684,18BL348_S684_R1_001.fastq.gz
0685,18BL356_S685_R1_001.fastq.gz
0686,18BL364_S686_R1_001.fastq.gz
0687,18BL372_S687_R1_001.fastq.gz
0688,18BL380_S688_R1_001.fastq.gz
0689,18BL388_S689_R1_001.fastq.gz
0690,18BL079_S690_R1_001.fastq.gz
0691,18NS547_S691_R1_001.fastq.gz
0692,18NS555_S692_R1_001.fastq.gz
0693,18NS563_S693_R1_001.fastq.gz
0694,18BL341_S694_R1_001.fastq.gz
0695,18BL349_S695_R1_001.fastq.gz
0696,18BL357_S696_R1_001.fastq.gz
0697,18BL365_S697_R1_001.fastq.gz
0698,18BL373_S698_R1_001.fastq.gz
0699,18BL381_S699_R1_001.fastq.gz
0700,18BL389_S700_R1_001.fastq.gz
0701,18BL080_S701_R1_001.fastq.gz
0702,18NS548_S702_R1_001.fastq.gz
0703,18NS556_S703_R1_001.fastq.gz
0704,18NS564_S704_R1_001.fastq.gz
0705,18BL342_S705_R1_001.fastq.gz
0706,18BL350_S706_R1_001.fastq.gz
0707,18BL358_S707_R1_001.fastq.gz
0708,18BL366_S708_R1_001.fastq.gz
0709,18BL374_S709_R1_001.fastq.gz
0710,18BL382_S710_R1_001.fastq.gz
0711,18BL390_S711_R1_001.fastq.gz
0712,18BL081_S712_R1_001.fastq.gz
0713,18NS549_S713_R1_001.fastq.gz
0714,18NS557_S714_R1_001.fastq.gz
0715,18NS565_S715_R1_001.fastq.gz
0716,18BL343_S716_R1_001.fastq.gz
0717,18BL351_S717_R1_001.fastq.gz
0718,18BL359_S718_R1_001.fastq.gz
0719,18BL367_S719_R1_001.fastq.gz
0720,18BL375_S720_R1_001.fastq.gz
0721,18BL383_S721_R1_001.fastq.gz
0722,18BL391_S722_R1_001.fastq.gz
0723,18BL082_S723_R1_001.fastq.gz
0724,18NS550_S724_R1_001.fastq.gz
0725,18NS558_S725_R1_001.fastq.gz
0726,18NS566_S726_R1_001.fastq.gz
0727,18BL344_S727_R1_001.fastq.gz
0728,18BL352_S728_R1_001.fastq.gz
0729,18BL360_S729_R1_001.fastq.gz
0730,18BL368_S730_R1_001.fastq.gz
0731,18BL376_S731_R1_001.fastq.gz
0732,18BL384_S732_R1_001.fastq.gz
0733,18BL392_S733_R1_001.fastq.gz
0734,18BL083_S734_R1_001.fastq.gz
0735,18BL151_S735_R1_001.fastq.gz
0736,18BL159_S736_R1_001.fastq.gz
0737,18BL167_S737_R1_001.fastq.gz
0738,18BL175_S738_R1_001.fastq.gz
0739,18BL187_S739_R1_001.fastq.gz
0740,18BL203_S740_R1_001.fastq.gz
0741,18BL211_S741_R1_001.fastq.gz
0742,18BL219_S742_R1_001.fastq.gz
0743,18BL227_S743_R1_001.fastq.gz
0744,18BL235_S744_R1_001.fastq.gz
0745,18BL152_S745_R1_001.fastq.gz
0746,18BL160_S746_R1_001.fastq.gz
0747,18BL168_S747_R1_001.fastq.gz
0748,18BL176_S748_R1_001.fastq.gz
0749,18BL188_S749_R1_001.fastq.gz
0750,18BL196_S750_R1_001.fastq.gz
0751,18BL204_S751_R1_001.fastq.gz
0752,18BL212_S752_R1_001.fastq.gz
0753,18BL220_S753_R1_001.fastq.gz
0754,18BL228_S754_R1_001.fastq.gz
0755,18BL236_S755_R1_001.fastq.gz
0756,18BL153_S756_R1_001.fastq.gz
0757,18BL161_S757_R1_001.fastq.gz
0758,18BL169_S758_R1_001.fastq.gz
0759,18BL177_S759_R1_001.fastq.gz
0760,18BL197_S760_R1_001.fastq.gz
0761,18BL205_S761_R1_001.fastq.gz
0762,18BL213_S762_R1_001.fastq.gz
0763,18BL221_S763_R1_001.fastq.gz
0764,18BL229_S764_R1_001.fastq.gz
0765,18BL162_S765_R1_001.fastq.gz
0766,18BL170_S766_R1_001.fastq.gz
0767,18BL178_S767_R1_001.fastq.gz
0768,18BL198_S768_R1_001.fastq.gz
0769,18BL206_S769_R1_001.fastq.gz
0770,18BL214_S770_R1_001.fastq.gz
0771,18BL222_S771_R1_001.fastq.gz
0772,18BL230_S772_R1_001.fastq.gz
0773,18BL155_S773_R1_001.fastq.gz
0774,18BL163_S774_R1_001.fastq.gz
0775,18BL171_S775_R1_001.fastq.gz
0776,18BL179_S776_R1_001.fastq.gz
0777,18BL183_S777_R1_001.fastq.gz
0778,18BL191_S778_R1_001.fastq.gz
0779,18BL199_S779_R1_001.fastq.gz
0780,18BL207_S780_R1_001.fastq.gz
0781,18BL215_S781_R1_001.fastq.gz
0782,18BL223_S782_R1_001.fastq.gz
0783,18BL231_S783_R1_001.fastq.gz
0784,18BL156_S784_R1_001.fastq.gz
0785,18BL164_S785_R1_001.fastq.gz
0786,18BL172_S786_R1_001.fastq.gz
0787,18BL180_S787_R1_001.fastq.gz
0788,18BL192_S788_R1_001.fastq.gz
0789,18BL200_S789_R1_001.fastq.gz
0790,18BL208_S790_R1_001.fastq.gz
0791,18BL216_S791_R1_001.fastq.gz
0792,18BL224_S792_R1_001.fastq.gz
0793,18BL232_S793_R1_001.fastq.gz
0794,18BL157_S794_R1_001.fastq.gz
0795,18BL165_S795_R1_001.fastq.gz
0796,18BL173_S796_R1_001.fastq.gz
0797,18BL181_S797_R1_001.fastq.gz
0798,18BL193_S798_R1_001.fastq.gz
0799,18BL201_S799_R1_001.fastq.gz
0800,18BL209_S800_R1_001.fastq.gz
0801,18BL217_S801_R1_001.fastq.gz
0802,18BL225_S802_R1_001.fastq.gz
0803,18BL233_S803_R1_001.fastq.gz
0804,18BL166_S804_R1_001.fastq.gz
0805,18BL174_S805_R1_001.fastq.gz
0806,18BL182_S806_R1_001.fastq.gz
0807,18BL186_S807_R1_001.fastq.gz
0808,18BL202_S808_R1_001.fastq.gz
0809,18BL210_S809_R1_001.fastq.gz
0810,18BL218_S810_R1_001.fastq.gz
0811,18BL226_S811_R1_001.fastq.gz
0812,18BL234_S812_R1_001.fastq.gz
0813,18BL242_S813_R1_001.fastq.gz
0814,18BL243_S814_R1_001.fastq.gz
0815,18BL251_S815_R1_001.fastq.gz
0816,18BL259_S816_R1_001.fastq.gz
0817,18BL267_S817_R1_001.fastq.gz
0818,18BL275_S818_R1_001.fastq.gz
0819,18BL281_S819_R1_001.fastq.gz
0820,18BL289_S820_R1_001.fastq.gz
0821,18BL297_S821_R1_001.fastq.gz
0822,18BL305_S822_R1_001.fastq.gz
0823,18BL313_S823_R1_001.fastq.gz
0824,18BL321_S824_R1_001.fastq.gz
0825,18BL329_S825_R1_001.fastq.gz
0826,18BL244_S826_R1_001.fastq.gz
0827,18BL252_S827_R1_001.fastq.gz
0828,18BL260_S828_R1_001.fastq.gz
0829,18BL268_S829_R1_001.fastq.gz
0830,18BL276_S830_R1_001.fastq.gz
0831,18BL282_S831_R1_001.fastq.gz
0832,18BL290_S832_R1_001.fastq.gz
0833,18BL298_S833_R1_001.fastq.gz
0834,18BL306_S834_R1_001.fastq.gz
0835,18BL314_S835_R1_001.fastq.gz
0836,18BL322_S836_R1_001.fastq.gz
0837,18BL330_S837_R1_001.fastq.gz
0838,18BL245_S838_R1_001.fastq.gz
0839,18BL253_S839_R1_001.fastq.gz
0840,18BL277_S840_R1_001.fastq.gz
0841,18BL283_S841_R1_001.fastq.gz
0842,18BL291_S842_R1_001.fastq.gz
0843,18BL299_S843_R1_001.fastq.gz
0844,18BL307_S844_R1_001.fastq.gz
0845,18BL315_S845_R1_001.fastq.gz
0846,18BL323_S846_R1_001.fastq.gz
0847,18BL331_S847_R1_001.fastq.gz
0848,18BL246_S848_R1_001.fastq.gz
0849,18BL254_S849_R1_001.fastq.gz
0850,18BL278_S850_R1_001.fastq.gz
0851,18BL284_S851_R1_001.fastq.gz
0852,18BL292_S852_R1_001.fastq.gz
0853,18BL300_S853_R1_001.fastq.gz
0854,18BL308_S854_R1_001.fastq.gz
0855,18BL316_S855_R1_001.fastq.gz
0856,18BL324_S856_R1_001.fastq.gz
0857,18BL332_S857_R1_001.fastq.gz
0858,18BL247_S858_R1_001.fastq.gz
0859,18BL255_S859_R1_001.fastq.gz
0860,18BL285_S860_R1_001.fastq.gz
0861,18BL293_S861_R1_001.fastq.gz
0862,18BL309_S862_R1_001.fastq.gz
0863,18BL317_S863_R1_001.fastq.gz
0864,18BL325_S864_R1_001.fastq.gz
0865,18BL333_S865_R1_001.fastq.gz
0866,18BL248_S866_R1_001.fastq.gz
0867,18BL256_S867_R1_001.fastq.gz
0868,18BL286_S868_R1_001.fastq.gz
0869,18BL294_S869_R1_001.fastq.gz
0870,18BL310_S870_R1_001.fastq.gz
0871,18BL318_S871_R1_001.fastq.gz
0872,18BL326_S872_R1_001.fastq.gz
0873,18BL249_S873_R1_001.fastq.gz
0874,18BL257_S874_R1_001.fastq.gz
0875,18BL279_S875_R1_001.fastq.gz
0876,18BL287_S876_R1_001.fastq.gz
0877,18BL295_S877_R1_001.fastq.gz
0878,18BL303_S878_R1_001.fastq.gz
0879,18BL311_S879_R1_001.fastq.gz
0880,18BL319_S880_R1_001.fastq.gz
0881,18BL327_S881_R1_001.fastq.gz
0882,18BL335_S882_R1_001.fastq.gz
0883,18BL250_S883_R1_001.fastq.gz
0884,18BL258_S884_R1_001.fastq.gz
0885,18BL266_S885_R1_001.fastq.gz
0886,18BL280_S886_R1_001.fastq.gz
0887,18BL288_S887_R1_001.fastq.gz
0888,18BL296_S888_R1_001.fastq.gz
0889,18BL304_S889_R1_001.fastq.gz
0890,18BL312_S890_R1_001.fastq.gz
0891,18BL320_S891_R1_001.fastq.gz
0892,18BL328_S892_R1_001.fastq.gz
0893,18BL336_S893_R1_001.fastq.gz
0894,18BL393_S894_R1_001.fastq.gz
0895,18BL401_S895_R1_001.fastq.gz
0896,18BL409_S896_R1_001.fastq.gz
0897,18BL417_S897_R1_001.fastq.gz
0898,18BL425_S898_R1_001.fastq.gz
0899,18BL437_S899_R1_001.fastq.gz
0900,18BL445_S900_R1_001.fastq.gz
0901,18BL453_S901_R1_001.fastq.gz
0902,18BL461_S902_R1_001.fastq.gz
0903,18BL469_S903_R1_001.fastq.gz
0904,18BL477_S904_R1_001.fastq.gz
0905,18BL394_S905_R1_001.fastq.gz
0906,18BL402_S906_R1_001.fastq.gz
0907,18BL410_S907_R1_001.fastq.gz
0908,18BL418_S908_R1_001.fastq.gz
0909,18BL426_S909_R1_001.fastq.gz
0910,18BL438_S910_R1_001.fastq.gz
0911,18BL446_S911_R1_001.fastq.gz
0912,18BL454_S912_R1_001.fastq.gz
0913,18BL462_S913_R1_001.fastq.gz
0914,18BL470_S914_R1_001.fastq.gz
0915,18BL478_S915_R1_001.fastq.gz
0916,18BL395_S916_R1_001.fastq.gz
0917,18BL403_S917_R1_001.fastq.gz
0918,18BL411_S918_R1_001.fastq.gz
0919,18BL419_S919_R1_001.fastq.gz
0920,18BL427_S920_R1_001.fastq.gz
0921,18BL439_S921_R1_001.fastq.gz
0922,18BL447_S922_R1_001.fastq.gz
0923,18BL455_S923_R1_001.fastq.gz
0924,18BL463_S924_R1_001.fastq.gz
0925,18BL471_S925_R1_001.fastq.gz
0926,18BL479_S926_R1_001.fastq.gz
0927,18BL396_S927_R1_001.fastq.gz
0928,18BL404_S928_R1_001.fastq.gz
0929,18BL412_S929_R1_001.fastq.gz
0930,18BL420_S930_R1_001.fastq.gz
0931,18BL428_S931_R1_001.fastq.gz
0932,18BL440_S932_R1_001.fastq.gz
0933,18BL448_S933_R1_001.fastq.gz
0934,18BL456_S934_R1_001.fastq.gz
0935,18BL464_S935_R1_001.fastq.gz
0936,18BL472_S936_R1_001.fastq.gz
0937,18BL480_S937_R1_001.fastq.gz
0938,18BL397_S938_R1_001.fastq.gz
0939,18BL405_S939_R1_001.fastq.gz
0940,18BL413_S940_R1_001.fastq.gz
0941,18BL421_S941_R1_001.fastq.gz
0942,18BL429_S942_R1_001.fastq.gz
0943,18BL433_S943_R1_001.fastq.gz
0944,18BL441_S944_R1_001.fastq.gz
0945,18BL449_S945_R1_001.fastq.gz
0946,18BL457_S946_R1_001.fastq.gz
0947,18BL465_S947_R1_001.fastq.gz
0948,18BL473_S948_R1_001.fastq.gz
0949,18BL481_S949_R1_001.fastq.gz
0950,18BL398_S950_R1_001.fastq.gz
0951,18BL406_S951_R1_001.fastq.gz
0952,18BL414_S952_R1_001.fastq.gz
0953,18BL422_S953_R1_001.fastq.gz
0954,18BL430_S954_R1_001.fastq.gz
0955,18BL434_S955_R1_001.fastq.gz
0956,18BL442_S956_R1_001.fastq.gz
0957,18BL450_S957_R1_001.fastq.gz
0958,18BL458_S958_R1_001.fastq.gz
0959,18BL466_S959_R1_001.fastq.gz
0960,18BL474_S960_R1_001.fastq.gz
0961,18BL482_S961_R1_001.fastq.gz
0962,18BL399_S962_R1_001.fastq.gz
0963,18BL407_S963_R1_001.fastq.gz
0964,18BL415_S964_R1_001.fastq.gz
0965,18BL423_S965_R1_001.fastq.gz
0966,18BL431_S966_R1_001.fastq.gz
0967,18BL435_S967_R1_001.fastq.gz
0968,18BL443_S968_R1_001.fastq.gz
0969,18BL451_S969_R1_001.fastq.gz
0970,18BL459_S970_R1_001.fastq.gz
0971,18BL467_S971_R1_001.fastq.gz
0972,18BL475_S972_R1_001.fastq.gz
0973,18BL483_S973_R1_001.fastq.gz
0974,18BL400_S974_R1_001.fastq.gz
0975,18BL408_S975_R1_001.fastq.gz
0976,18BL416_S976_R1_001.fastq.gz
0977,18BL424_S977_R1_001.fastq.gz
0978,18BL432_S978_R1_001.fastq.gz
0979,18BL436_S979_R1_001.fastq.gz
0980,18BL444_S980_R1_001.fastq.gz
0981,18BL452_S981_R1_001.fastq.gz
0982,18BL460_S982_R1_001.fastq.gz
0983,18BL468_S983_R1_001.fastq.gz
0984,18BL476_S984_R1_001.fastq.gz
0985,18BL484_S985_R1_001.fastq.gz
0986,18BL485_S986_R1_001.fastq.gz
0987,18BL493_S987_R1_001.fastq.gz
0988,18BL501_S988_R1_001.fastq.gz
0989,18BL509_S989_R1_001.fastq.gz
0990,18BL517_S990_R1_001.fastq.gz
0991,18NS571_S991_R1_001.fastq.gz
0992,18NS575_S992_R1_001.fastq.gz
0993,18DV001_S993_R1_001.fastq.gz
0994,18DV009_S994_R1_001.fastq.gz
0995,18BL486_S995_R1_001.fastq.gz
0996,18BL494_S996_R1_001.fastq.gz
0997,18BL502_S997_R1_001.fastq.gz
0998,18BL510_S998_R1_001.fastq.gz
0999,18BL518_S999_R1_001.fastq.gz
1000,18NS572_S1000_R1_001.fastq.gz
1001,18NS576_S1001_R1_001.fastq.gz
1002,18DV002_S1002_R1_001.fastq.gz
1003,18DV010_S1003_R1_001.fastq.gz
1004,18BL487_S1004_R1_001.fastq.gz
1005,18BL495_S1005_R1_001.fastq.gz
1006,18BL503_S1006_R1_001.fastq.gz
1007,18BL511_S1007_R1_001.fastq.gz
1008,18BL519_S1008_R1_001.fastq.gz
1009,18NS573_S1009_R1_001.fastq.gz
1010,18NS577_S1010_R1_001.fastq.gz
1011,18DV003_S1011_R1_001.fastq.gz
1012,18BL488_S1012_R1_001.fastq.gz
1013,18BL496_S1013_R1_001.fastq.gz
1014,18BL504_S1014_R1_001.fastq.gz
1015,18BL512_S1015_R1_001.fastq.gz
1016,18BL520_S1016_R1_001.fastq.gz
1017,18NS574_S1017_R1_001.fastq.gz
1018,18NS578_S1018_R1_001.fastq.gz
1019,18DV004_S1019_R1_001.fastq.gz
1020,18BL489_S1020_R1_001.fastq.gz
1021,18BL497_S1021_R1_001.fastq.gz
1022,18BL505_S1022_R1_001.fastq.gz
1023,18BL513_S1023_R1_001.fastq.gz
1024,18BL521_S1024_R1_001.fastq.gz
1025,18NS579_S1025_R1_001.fastq.gz
1026,18DV005_S1026_R1_001.fastq.gz
1027,18BL490_S1027_R1_001.fastq.gz
1028,18BL498_S1028_R1_001.fastq.gz
1029,18BL506_S1029_R1_001.fastq.gz
1030,18BL514_S1030_R1_001.fastq.gz
1031,18BL522_S1031_R1_001.fastq.gz
1032,18NS580_S1032_R1_001.fastq.gz
1033,18DV006_S1033_R1_001.fastq.gz
1034,18BL491_S1034_R1_001.fastq.gz
1035,18BL499_S1035_R1_001.fastq.gz
1036,18BL507_S1036_R1_001.fastq.gz
1037,18BL515_S1037_R1_001.fastq.gz
1038,18BL523_S1038_R1_001.fastq.gz
1039,18BL524_S1039_R1_001.fastq.gz
1040,18DV007_S1040_R1_001.fastq.gz
1041,18BL492_S1041_R1_001.fastq.gz
1042,18BL500_S1042_R1_001.fastq.gz
1043,18BL508_S1043_R1_001.fastq.gz
1044,18BL516_S1044_R1_001.fastq.gz
1045,18BL525_S1045_R1_001.fastq.gz
1046,18DV008_S1046_R1_001.fastq.gz
1047,Itasca-C12_p_S1047_R1_001.fastq.gz
1048,FY-C20_p_S1048_R1_001.fastq.gz
1049,14S-PS_p_S1049_R1_001.fastq.gz
1050,PM3E_p_S1050_R1_001.fastq.gz
1051,UpperRiceLake_p_S1051_R1_001.fastq.gz
1052,NecktieLake_p_S1052_R1_001.fastq.gz
1053,GarfieldLake_p_S1053_R1_001.fastq.gz
1054,Latifolia_p_S1054_R1_001.fastq.gz
